cand_id,tipo,verificacao,chave,ano
C-B1-001,journal_article,DEDUPED,,2026
C-B1-002,preprint,DEDUPED,,2026
C-B1-003,journal_article,CONFIRMADO-fuzzy,10.1002/psp4.70122,2025
C-B1-004,journal_article,DIVERGE_ANO:2026vs2025,10.1007/s43441-025-00893-w,2025
C-B1-005,journal_article,CONFIRMADO-fuzzy,10.1016/j.jaci.2023.12.031,2024
C-B1-006,journal_article,DIVERGE_ANO:2022vs2023,10.3389/fsysb.2022.1063308,2023
C-B1-007,trial_registry,N/A-URL/INSTITUCIONAL,https://clinicaltrials.gov/study/NCT06153966,2023
C-B1-008,web_log,N/A-URL/INSTITUCIONAL,https://www.cureffi.org/2026/03/17/ion717-trial-reopens/,2026
C-B1-009,science_news,N/A-URL/INSTITUCIONAL,https://www.asbmb.org/asbmb-today/science/071525/hope-for-prion-disease-rare,2025
C-B1-010,journal_article,DEDUPED,,2020
C-B1-011,journal_article,DEDUPED,,2018
C-B1-012,journal_article,CONFIRMADO-fuzzy,10.1172/jci.insight.131175,2019
C-B2-001,journal_article,CONFIRMADO-fuzzy,10.3389/fpubh.2024.1411489,2024
C-B2-002,journal_article,CONFIRMADO-exato,10.1038/s41598-020-72519-0,2020
C-B2-003,web_dashboard,N/A-URL/INSTITUCIONAL,https://health-infobase.canada.ca/diseases/cjd/dashboard.html,N/A
C-B2-004,web_institutional,N/A-URL/INSTITUCIONAL,https://www.cdc.gov/creutzfeldt-jakob/about/index.html,N/A
C-B2-005,fact_sheet,N/A-URL/INSTITUCIONAL,https://cjdfoundation.org/shared-files/5696/?CJD-FACT-SHEET-2021.pdf,2021
C-B2-006,science_news,N/A-URL/INSTITUCIONAL,https://neurologytoday.aan.com/doi/10.1097/01.NT.0001006340.74111.83,N/A
C-B2-007,journal_article,CONFIRMADO-exato,PMID:38500676,2024
C-B2-008,press_release,N/A-URL/INSTITUCIONAL,https://www.broadinstitute.org/news/clinical-trial-prion-disease-drug-candidate-begins-enrolling-participants,N/A
C-B2-009,thesis_review,N/A-URL/INSTITUCIONAL,https://digitalcommons.library.tmc.edu/cgi/viewcontent.cgi?article=7151&context=uthgsbs_docs,2024
C-B2-010,journal_article,CONFIRMADO-fuzzy,10.3390/pathogens9030216,2020
C-B2-011,journal_article,CONFIRMADO-exato,41427337,2025
C-B2-012,journal_article,CONFIRMADO-fuzzy,10.1016/j.phyplu.2026.101023,2026
C-B2-013,journal_article,CONFIRMADO-exato,10.3390/jcm15072801,2026
C-B2-014,journal_article,CONFIRMADO-fuzzy,10.1080/17425255.2024.2330666,2024
C-B2-015,preprint,CONFIRMADO-exato,10.2139/ssrn.5352605,2025
C-B2-016,report,N/A-URL/INSTITUCIONAL,https://www.researchgate.net/publication/338828201,N/A
C-B3-001,journal_article,DEDUPED,,2024
C-B3-002,journal_article,CONFIRMADO-fuzzy,10.1038/s41582-021-00488-7,2021
C-B3-003,journal_article,CONFIRMADO-fuzzy,10.1186/s40249-016-0143-8,2016
C-B3-004,journal_article,CONFIRMADO-exato,10.1038/s41467-022-30457-7,2022
C-B3-005,journal_article,CONFIRMADO-exato,PMID:36646960,2023
C-B3-006,journal_article,CONFIRMADO-fuzzy,10.1007/s00441-022-03676-z,2022
C-B3-007,journal_article,CONFIRMADO-exato,10.1126/sciadv.abg9676,2021
C-B3-008,journal_article,CONFIRMADO-fuzzy,10.1016/j.jmb.2024.168576,2024
C-B3-009,preprint,CONFIRMADO-fuzzy,10.1101/2022.09.19.508587,2022
C-B3-010,database,N/A-URL/INSTITUCIONAL,https://www.ebi.ac.uk/emdb/EMD-0931,N/A
C-B3-011,journal_article,CONFIRMADO-exato,PMID:35552984,2022
C-B3-012,guidance,N/A-URL/INSTITUCIONAL,https://www.fda.gov/regulatory-information/search-fda-guidance-documents/m15-general-principles-model-informed-drug-development,N/A
C-B3-013,web_institutional,N/A-URL/INSTITUCIONAL,https://www.fda.gov/drugs/development-resources/model-informed-drug-development-paired-meeting-program,N/A
C-B3-014,journal_article,CONFIRMADO-fuzzy,10.1007/s10928-025-09995-2,2025
C-B4-001,database,N/A-URL/INSTITUCIONAL,https://ghdx.healthdata.org/record/ihme-data/gbd-2021-yld-daly-hale-1990-2021,2021
C-B4-002,data_tool,N/A-URL/INSTITUCIONAL,https://vizhub.healthdata.org/gbd-results/,N/A
C-B4-003,journal_article,CONFIRMADO-fuzzy,10.1016/s0140-6736(20)30925-9,2020
C-B4-004,journal_article,CONFIRMADO-exato,PMID:27836910,2017
C-B4-005,journal_article,CONFIRMADO-fuzzy,10.1371/journal.ppat.1000673,2009
C-B4-006,journal_article,CONFIRMADO-fuzzy,10.1080/19336896.2022.2153551,2022
C-B4-007,journal_article,CONFIRMADO-fuzzy,10.1099/jgv.0.001705,2021
C-B4-008,preprint,CONFIRMADO-fuzzy,10.1101/2022.10.11.511739,2022
C-B4-009,web_log,N/A-URL/INSTITUCIONAL,https://www.cureffi.org/2024/03/21/end-of-the-beginning/,2024
C-B4-010,journal_article,CONFIRMADO-fuzzy,10.1098/rsos.242057,2025
C-B4-011,journal_article,CONFIRMADO-fuzzy,10.1002/icd.2315,2022
C-B4-012,journal_article,CONFIRMADO-fuzzy,10.1098/rsos.241038,2025
C-B5-001,journal_article,CONFIRMADO-crossref-doi,10.1038/s41467-025-56690-4,2025
C-B5-002,journal_article,CONFIRMADO-crossref-biblio,10.2174/011570159x327908241121062335,2025
C-B5-003,journal_article,CONFIRMADO-crossref-doi,10.3389/fphar.2022.1007315,2022
C-B5-004,journal_article,CONFIRMADO-crossref-doi,10.1212/WN9.0000000000000112,2026
C-B5-005,journal_article,CONFIRMADO-crossref-biblio,10.4103/ijp.ijp_644_23,2024
C-B5-006,journal_article,CONFIRMADO-esearch,PMID:36638898,2023
C-B5-007,journal_article,PENDENTE,,2025
C-B5-008,journal_article,CONFIRMADO-esearch,PMID:40364863,2025
